{"cameraMode":{"drawMode":0,"name":"Shaded","section":"Shading Mode"},"sceneLighting":true,"audioPlay":false,"sceneViewState":{"m_AlwaysRefresh":false,"showFog":true,"showSkybox":true,"showFlares":true,"showImageEffects":true,"showParticleSystems":true,"showVisualEffectGraphs":true,"m_FxEnabled":true},"in2DMode":false,"pivot":{"x":2.03336501121521,"y":8.672255516052246,"z":-0.3324057459831238},"rotation":{"x":-0.3497537672519684,"y":0.004774763248860836,"z":-0.0017866321140900255,"w":-0.9368368983268738},"size":228.31124877929688,"orthographic":false}