{"cameraMode":{"drawMode":0,"name":"Shaded","section":"Shading Mode"},"sceneLighting":true,"audioPlay":false,"sceneViewState":{"m_AlwaysRefresh":false,"showFog":true,"showSkybox":true,"showFlares":true,"showImageEffects":true,"showParticleSystems":true,"showVisualEffectGraphs":true,"m_FxEnabled":true},"in2DMode":false,"pivot":{"x":247.056640625,"y":-17.89932632446289,"z":214.30679321289063},"rotation":{"x":-0.35116225481033327,"y":-0.0022501812782138588,"z":0.0008402125677093864,"w":-0.9363206028938294},"size":223.56631469726563,"orthographic":false}