{"cameraMode":{"drawMode":0,"name":"Shaded","section":"Shading Mode"},"sceneLighting":true,"audioPlay":false,"sceneViewState":{"m_AlwaysRefresh":false,"showFog":true,"showSkybox":true,"showFlares":true,"showImageEffects":true,"showParticleSystems":true,"showVisualEffectGraphs":true,"m_FxEnabled":true},"in2DMode":false,"pivot":{"x":1035.1728515625,"y":565.0972900390625,"z":1228.8372802734375},"rotation":{"x":-0.013314129784703255,"y":0.03136131539940834,"z":-0.00012392339704092592,"w":-0.9995299577713013},"size":979.2850341796875,"orthographic":false}