{"cameraMode":{"drawMode":0,"name":"Shaded","section":"Shading Mode"},"sceneLighting":true,"audioPlay":false,"sceneViewState":{"m_AlwaysRefresh":false,"showFog":true,"showSkybox":true,"showFlares":true,"showImageEffects":true,"showParticleSystems":true,"showVisualEffectGraphs":true,"m_FxEnabled":true},"in2DMode":false,"pivot":{"x":347.83612060546877,"y":235.7722625732422,"z":80.47762298583985},"rotation":{"x":-0.08415255695581436,"y":-0.036763209849596027,"z":0.0031068280804902317,"w":-0.995770275592804},"size":339.5103759765625,"orthographic":false}