{"cameraMode":{"drawMode":0,"name":"Shaded","section":"Shading Mode"},"sceneLighting":true,"audioPlay":false,"sceneViewState":{"m_AlwaysRefresh":false,"showFog":true,"showSkybox":true,"showFlares":true,"showImageEffects":true,"showParticleSystems":true,"showVisualEffectGraphs":true,"m_FxEnabled":true},"in2DMode":false,"pivot":{"x":561.9203491210938,"y":526.1854248046875,"z":-1.4852516651153565},"rotation":{"x":0.005690341349691153,"y":-0.0039020520634949209,"z":-0.00002593431418063119,"w":-0.9999868869781494},"size":599.2051391601563,"orthographic":false}