{"cameraMode":{"drawMode":0,"name":"Shaded","section":"Shading Mode"},"sceneLighting":true,"audioPlay":false,"sceneViewState":{"m_AlwaysRefresh":false,"showFog":true,"showSkybox":true,"showFlares":true,"showImageEffects":true,"showParticleSystems":true,"showVisualEffectGraphs":true,"m_FxEnabled":true},"in2DMode":false,"pivot":{"x":17.090373992919923,"y":13.772113800048829,"z":-72.25491333007813},"rotation":{"x":-0.007281046360731125,"y":0.18922848999500276,"z":-0.0008535249507986009,"w":-0.9820076823234558},"size":6.6197404861450199,"orthographic":false}