{"cameraMode":{"drawMode":0,"name":"Shaded","section":"Shading Mode"},"sceneLighting":true,"audioPlay":false,"sceneViewState":{"m_AlwaysRefresh":false,"showFog":true,"showSkybox":true,"showFlares":true,"showImageEffects":true,"showParticleSystems":true,"showVisualEffectGraphs":true,"m_FxEnabled":true},"in2DMode":false,"pivot":{"x":748.8471069335938,"y":523.5283203125,"z":432.64813232421877},"rotation":{"x":-0.006309644319117069,"y":-0.003901936113834381,"z":0.000020757948732352816,"w":-0.9999827742576599},"size":796.4974365234375,"orthographic":false}