{"cameraMode":{"drawMode":0,"name":"Shaded","section":"Shading Mode"},"sceneLighting":true,"audioPlay":false,"sceneViewState":{"m_AlwaysRefresh":false,"showFog":true,"showSkybox":true,"showFlares":true,"showImageEffects":true,"showParticleSystems":true,"showVisualEffectGraphs":true,"m_FxEnabled":true},"in2DMode":false,"pivot":{"x":-248.41558837890626,"y":22.589082717895509,"z":50.430450439453128},"rotation":{"x":-0.014152104035019875,"y":-0.9738012552261353,"z":0.21809889376163484,"w":-0.06456731259822846},"size":36.927833557128909,"orthographic":false}