{"cameraMode":{"drawMode":0,"name":"Shaded","section":"Shading Mode"},"sceneLighting":true,"audioPlay":false,"sceneViewState":{"m_AlwaysRefresh":false,"showFog":true,"showSkybox":true,"showFlares":true,"showImageEffects":true,"showParticleSystems":true,"showVisualEffectGraphs":true,"m_FxEnabled":true},"in2DMode":false,"pivot":{"x":433.26739501953127,"y":247.46885681152345,"z":-6.5856475830078129},"rotation":{"x":-0.19051752984523774,"y":0.07932647317647934,"z":-0.01568412221968174,"w":-0.9785462021827698},"size":284.70294189453127,"orthographic":false}