{"cameraMode":{"drawMode":0,"name":"Shaded","section":"Shading Mode"},"sceneLighting":true,"audioPlay":false,"sceneViewState":{"m_AlwaysRefresh":false,"showFog":true,"showSkybox":true,"showFlares":true,"showImageEffects":true,"showParticleSystems":true,"showVisualEffectGraphs":true,"m_FxEnabled":true},"in2DMode":false,"pivot":{"x":818.9573364257813,"y":133.7120819091797,"z":3.8856201171875},"rotation":{"x":0.005690341349691153,"y":-0.0039020520634949209,"z":-0.00002593431418063119,"w":-0.9999868869781494},"size":456.7831726074219,"orthographic":false}